{
    "precision": 0.6273764258555133,
    "recall": 0.4411764705882353,
    "f1_score": 0.5180533751962323,
    "confusion_matrix": [
        [
            937,
            98
        ],
        [
            209,
            165
        ]
    ]
}